"sr.no","name","age","gender","email","phone","other","date"
"1","testing 1","22","m","this @this.com","1234567890","hihihiiih","2022-06-28 00:51:07"
"2","Leonard Guy","0","Reiciend","gemagu@mailinator.com","0"," Beatae quibusdam ape","2022-06-28 01:38:10"
"3","Leonard Guy","0","Reiciend","gemagu@mailinator.com","0"," Beatae quibusdam ape","2022-06-28 01:44:02"
"4","Harriet Snow","0","Aut cupi","hegyxesidu@mailinator.com","0"," Dolores eaque in vel","2022-06-28 01:45:06"
"5","Ivor Mcintyre","0","Maxime t","kydo@mailinator.com","0"," Itaque ipsam sed eu ","2022-06-28 01:45:22"
"6","Ivor Mcintyre","0","Maxime t","kydo@mailinator.com","0"," Itaque ipsam sed eu ","2022-06-28 01:47:36"
"7","Ivor Mcintyre","0","Maxime t","kydo@mailinator.com","0"," Itaque ipsam sed eu ","2022-06-28 01:48:40"
"8","Leah Harvey","0","Assumend","repo@mailinator.com","1"," Sit iure exercitati","2022-06-28 01:48:48"
"9","Barbara Dodson","0","Rerum co","fasarezyku@mailinator.com","1234567890"," Sed et rem totam mag","2022-06-28 01:49:28"
"10","Quail Santiago","0","Et ea qu","qyvehyqo@mailinator.com","9876543210"," Consequatur est vol","2022-06-28 01:49:48"
"11","Quail Santiago","0","Et ea qu","qyvehyqo@mailinator.com","9876543210"," Consequatur est vol","2022-06-28 01:51:15"
"12","Quail Santiago","0","Et ea qu","qyvehyqo@mailinator.com","9876543210"," Consequatur est vol","2022-06-28 01:55:26"
"13","Tatum Davenport","0","Dolore c","fovevyt@mailinator.com","+1 (526) 3"," Illo voluptatem Dol","2022-06-28 01:55:57"
"14","Tatum Davenport","0","Dolore c","fovevyt@mailinator.com","+1 (526) 3"," Illo voluptatem Dol","2022-06-28 01:56:26"
"15","Tatum Davenport","0","Dolore c","fovevyt@mailinator.com","+1 (526) 3"," Illo voluptatem Dol","2022-06-28 01:57:07"
"16","Tatum Davenport","0","Dolore c","fovevyt@mailinator.com","+1 (526) 3"," Illo voluptatem Dol","2022-06-28 01:57:12"
"17","Tatum Davenport","0","Dolore c","fovevyt@mailinator.com","+1 (526) 3"," Illo voluptatem Dol","2022-06-28 01:57:49"
"18","Tatum Davenport","0","Dolore c","fovevyt@mailinator.com","+1 (526) 3"," Illo voluptatem Dol","2022-06-28 01:58:40"
"19","Naida Barnett","0","Doloribu","matykaga@mailinator.com","+1 (313) 9"," Dolor dicta non dolo","2022-06-28 02:02:46"
"20","Naida Barnett","0","Doloribu","matykaga@mailinator.com","+1 (313) 9"," Dolor dicta non dolo","2022-06-28 02:04:11"
"21","Sharon Jordan","0","Quam con","tawyv@mailinator.com","1478523690"," Alias et tenetur des","2022-06-28 02:04:32"
